# Generic safety rules
# /ricette/:slug.html     /ricette/:slug     301!
# /ingredienti/:slug.html /ingredienti/:slug 301!

# Old -> New mappings (recipes, ingredients, tags)
/ingredients/agedama/ /ingredienti/agedama 301!
/ingredients/aonori/ /ingredienti/aonori 301!
/ingredients/beni_shoga/ /ingredienti/beni_shoga 301!
/ingredients/daikon/ /ingredienti/daikon 301!
/ingredients/enoki/ /ingredienti/enoki 301!
/ingredients/ginnan/ /ingredienti/ginnan 301!
/ingredients/2021/05/24/ginnan.html /ingredienti/ginnan 301!
/ingredients/gobo/ /ingredienti/gobo 301!
/ingredients/karashi/ /ingredienti/senape_karashi 301!
/ingredients/katsuobushi/ /ingredienti/katsuobushi 301!
/ingredients/kizami_nori/ /ingredienti/kizami_nori 301!
/ingredients/kombu/ /ingredienti/kombu 301!
/ingredients/konnyaku/ /ingredienti/konnyaku 301!
/ingredients/layu/ /ingredienti/layu 301!
/ingredients/mayo/ /ingredienti/kewpie 301!
/ingredients/mirin/ /ingredienti/mirin 301!
/ingredients/miso/ /ingredienti/miso 301!
/ingredients/natto/ /ingredienti/natto 301!
/ingredients/negi/ /ingredienti/negi 301!
/ingredients/nori/ /ingredienti/nori 301!
/ingredients/panko/ /ingredienti/panko 301!
/ingredients/potato_starch/ /ingredienti/potato_starch 301!
/ingredients/rice/ /ingredienti/rice 301!
/ingredients/sake/ /ingredienti/sake 301!
/ingredients/satoimo/ /ingredienti/satoimo 301!
/ingredients/sesame/ /ingredienti/sesamo 301!
/ingredienti/sesame/ /ingredienti/sesamo 301!
/ingredients/2021/05/24/sesame.html /ingredienti/sesamo 301!
/ingredients/sesame_oil/ /ingredienti/sesame_oil 301!
/ingredients/shichimi_togarashi/ /ingredienti/shichimi_togarashi 301!
/ingredients/shiitake/ /ingredienti/shiitake 301!
/ingredients/shiso/ /ingredienti/shiso 301!
/ingredients/shoyu/ /ingredienti/shoyu 301!
/ingredients/2024/03/09/shoyu.html /ingredienti/shoyu 301!
/ingredients/soba/ /ingredienti/soba 301!
/ingredients/umeboshi/ /ingredienti/umeboshi 301!
/ingredients/umesu/ /ingredienti/umesu 301!
/ingredients/wakame/ /ingredienti/wakame 301!
/ingredients/yuzu/ /ingredienti/yuzu 301!
/recipes/agemono/kara-age/ /ricette/kara-age 301!
/recipes/appetizers/hiyashi_nasu/ /ricette/hiyashi_nasu 301!
/recipes/appetizers/hiyayakko/ /ricette/hiyayakko 301!
/recipes/appetizers/sunomono/ /ricette/sunomono 301!
/recipes/appetizers/yamitsuki_kyabesu/ /ricette/yamitsuki_kyabesu 301!
/recipes/base_preparations/condiments/furikake/ /ricette/furikake 301!
/recipes/base_preparations/sauces/nikiri/ /ricette/salsa_nikiri 301!
/recipes/base_preparations/sauces/okonomiyaki/ /ricette/salsa_okonomiyaki 301!
/recipes/base_preparations/sauces/ponzu/ /ricette/salsa_ponzu 301!
/recipes/base_preparations/sauces/takoyaki/ /ricette/salsa_takoyaki 301!
/recipes/base_preparations/sauces/tentsuyu/ /ricette/tentsuyu 301!
/recipes/base_preparations/sauces/teriyaki/ /ricette/salsa_teriyaki 301!
/base_preparations/sauces/2021/05/24/teriyaki.html /ricette/salsa_teriyaki 301!
/recipes/base_preparations/sauces/tonkatsu/ /ricette/salsa_tonkatsu 301!
/base_preparations/sauces/2021/08/13/tonkatsu.html /ricette/salsa_tonkatsu 301!
/recipes/base_preparations/sauces/yakisoba_sauce/ /ricette/yakisoba_sauce 301!
/recipes/base_preparations/sauces/yakitori/ /ricette/salsa_yakitori 301!
/recipes/base_preparations/stocks/dashi/ /ricette/dashi 301!
/recipes/base_preparations/stocks/mentsuyu/ /ricette/mentsuyu 301!
/base_preparations/stocks/2021/07/07/mentsuyu.html /ricette/mentsuyu 301!
/recipes/base_preparations/stocks/vegan_dashi/ /ricette/dashi_vegan 301!
/recipes/base_preparations/sushi_and_sashimi/fish_preparation/ /ricette/preparazione_pesce_sushi_sashimi 301!
/base_preparations/sushi_and_sashimi/2022/07/17/sushi_and_sashimi.html /ricette/preparazione_pesce_sushi_sashimi 301!
/recipes/base_preparations/sushi_and_sashimi/sushi_vinegar/ /ricette/sushisu 301!
/base_preparations/sushi_and_sashimi/2022/07/21/sushi_vinegar.html /ricette/sushisu 301!
/recipes/fish/teriyaki_salmon/ /ricette/salmone_teriyaki 301!
/recipes/menrui/bukkake_udon/ /ricette/bukkake_udon 301!
/recipes/menrui/natto_soba/ /ricette/natto_soba 301!
/recipes/menrui/udon_burro_e_shoyu/ /ricette/udon_burro_e_shoyu 301!
/recipes/menrui/zaru_soba/ /ricette/zaru_soba 301!
/recipes/nimono/kakuni/ /ricette/buta_kakuni 301!
/recipes/rice/gyudon/ /ricette/gyudon 301!
/recipes/rice/2024/05/01/gyudon.html /ricette/gyudon 301!
/recipes/rice/oyakodon/ /ricette/oyakodon 301!
/recipes/rice/2023/10/04/oyakodon.html /ricette/oyakodon 301!
/recipes/rice/takikomi_gohan/ /ricette/takikomi_gohan 301!
/recipes/sides/chawanmushi/ /ricette/chawanmushi 301!
/recipes/sides/nasu_dengaku/ /ricette/nasu_dengaku 301!
/recipes/sides/2021/06/07/nasu_dengaku.html /ricette/nasu_dengaku 301!
/recipes/sides/potetosarada/ /ricette/potetosarada 301!
/recipes/sides/unagi-di-melanzane/ /ricette/unagi_di_melanzane 301!
/recipes/soups/misoshiru/ /ricette/zuppa_di_miso 301!
/ingredients/misoshiru/ /ricette/zuppa_di_miso 301!
/recipes/soups/osuimono/ /ricette/osuimono 301!
/recipes/soups/tofu_and_eggs/ /ricette/zuppa_di_tofu_e_uova 301!
/recipes/soups/vegan-misoshiru/ /ricette/zuppa_di_miso_vegana 301!
/recipes/tsukemono/daikon/ /ricette/daikon_dzuke 301!
/recipes/tsukemono/2024/04/09/daikon.html /ricette/daikon_dzuke 301!
/recipes/tsukemono/gari/ /ricette/gari 301!
/recipes/tsukemono/kyuri-no-tsukemono/ /ricette/kyuri_no_tsukemono 301!
/ingredients/kyuri-no-tsukemono/ /ricette/kyuri_no_tsukemono 301!
/recipes/tsukemono/ninniku-no-misozuke/ /ricette/ninniku_no_misozuke 301!
/recipes/tsukemono/ninniku-shoyuzuke/ /ricette/ninniku_shoyuzuke 301!
/recipes/tsukemono/2024/04/09/ninniku-shoyuzuke.html /ricette/ninniku_shoyuzuke 301!
/recipes/yakimono/gyoza/ /ricette/gyoza 301!
/recipes/yakimono/shogayaki/ /ricette/shogayaki 301!
/recipes/yakimono/takoyaki/ /ricette/takoyaki 301!
/recipes/yakimono/teriyaki_chicken/ /ricette/pollo_teriyaki 301!
/recipes/yakimono/2021/06/07/teriyaki_chicken.html /ricette/pollo_teriyaki 301!
/recipes/yakimono/yakisoba/ /ricette/yakisoba 301!
/recipes/yakimono/yakitori/ /ricette/yakitori 301!
/tags/alga-seaweed/ /tags/alga 301!
